,시도별,경제활동별,항목,2009,2010,2011,2012,2013,2014,2015,2016,2017,2018,2019,2020,2021,2022
0,전국,총생산,명목,0.04157771293314072,0.09914253754921432,0.04961592253351421,0.03738217699170776,0.041405730169352006,0.04042537636875876,0.0605048234910861,0.049812259465263464,0.05550328567392104,0.033786581277783334,0.013084308723210647,0.008935869294981913,0.07155579729686856,0.039314018443022736
1,전국,총생산,실질,0.009891861263859214,0.06999526152649382,0.03625658789507158,0.023393555015184253,0.031114798502702934,0.03136739177371761,0.02789355616414757,0.029441801696240333,0.031110191141553445,0.02901000633215789,0.02221211851536431,-0.006440855423953562,0.0432252530656565,0.026185521325570615
6,전국,1차 산업,명목,0.08404343941540704,0.053363591107916664,0.08393517353949598,0.025843237246666595,0.0019978494650252365,0.019148398976505554,0.03185162866450009,-0.025966977722367335,0.049888430394759986,-0.022403399683258773,-0.03697844629026037,0.06559012122717456,0.13040843648240763,-0.08205482166880151
7,전국,1차 산업,실질,0.03936282718389439,-0.03808060847739769,-0.004233060317974435,-0.011548048601113692,0.04369274661844269,0.05487164827093527,0.004031693232597888,-0.055807867079813334,0.018614807899842267,0.004070367124059837,0.03789544238264275,-0.05965117318794044,0.05472629381403493,-0.015315110600739645
12,전국,2차 산업,명목,0.04338656378189909,0.1734281274021332,0.08054301860946245,0.02195457644068388,0.04038676508226047,0.01353047245594774,0.04369515848853167,0.04026830441490281,0.07807434183909057,0.022178684288340467,-0.03991844323673033,-0.009281718156488261,0.102285254956757,0.045163007733960425
13,전국,2차 산업,실질,-0.010278528615493054,0.1635387432334543,0.05225314698895778,0.014043212980842323,0.030620575744054968,0.03174266753309363,0.016727143487469398,0.023214730665477967,0.03714574345854271,0.032933924680607296,0.011311438276724095,-0.010774099498056411,0.0705702202481544,0.014650365048370917
32,전국,3차 산업,명목,0.04277556827693041,0.07417026605399779,0.04826387342140981,0.04622133260650463,0.043618846550664614,0.04844048729044115,0.059716440429174567,0.046127179581892275,0.046528779677462495,0.049252732826368106,0.04088920499812976,0.005990101561612615,0.06696306732002388,0.06077386565045462
33,전국,3차 산업,실질,0.02316508516700244,0.045345929123070006,0.03791764359228145,0.03285638866913154,0.03525242665504891,0.03030586280063141,0.030436424324488787,0.028453978777975397,0.024560756349842894,0.03718696987359604,0.03379208919490706,-0.0066811965242640214,0.038163023277767216,0.0410265087363928
56,서울특별시,총생산,명목,0.04122649651587951,0.06669082761547207,0.041924255274017774,0.024232613106353496,0.01910299570240337,0.028020284028656528,0.0568420958806124,0.04645612580953706,0.043151013926854276,0.048659996693720675,0.02875593351458061,0.019768660369841706,0.06185042150600806,0.029039194181002426
57,서울특별시,총생산,실질,0.01496269305354958,0.03534354318114907,0.03152898745773802,0.013998564733267882,0.016498460181738617,0.015078235235596038,0.029211078845888583,0.028396324849017773,0.023393327686129783,0.03599027773757468,0.025982475260618587,0.00856325197316754,0.03361822106904322,0.01588727732136186
62,서울특별시,1차 산업,명목,0.15009648555902455,-0.019208433665807267,-0.0028384389594408033,0.08904727608196028,-0.1764173708859137,-0.11935615570096791,0.002054187520170503,-0.0656861542236673,0.03774286918030456,0.05393307005657455,-0.07726499574766121,0.05433312279236957,-0.059094859282037615,-0.30395135947533813
63,서울특별시,1차 산업,실질,-0.12183611867775901,-0.05886436230413894,-0.05301640126991369,0.15729766339315954,-0.135620580346257,-0.03891876033197739,-0.23443875005136694,-0.00462906161176202,0.016060069900080354,0.14448766260517054,-0.0451002128806014,-0.09731206046071694,0.12818509276670742,-0.14670878286164557
68,서울특별시,2차 산업,명목,0.10644397943575479,0.03231133751107951,0.030102469069313686,0.11185321442267426,-0.04338639494795016,0.012790867940035033,0.0036601825442579283,0.019453303611808526,-0.052338280372832946,0.009379400320024489,0.0032154198398701705,-0.061135732182921676,0.024445441972890558,-0.08142824587510367
69,서울특별시,2차 산업,실질,-0.028946796948059017,0.0944007645102618,0.011579673843998828,0.11577345039647513,-0.05092358057752988,0.014037189227758207,-0.022000980017144123,-0.03622445838952515,-0.043183534488130504,-0.017893463285755806,0.00779603306050114,-0.06840656171334725,0.05252721183956699,-0.037980800268801906
88,서울특별시,3차 산업,명목,0.040430790748344325,0.0722313189488788,0.04518893264098245,0.02489852215384669,0.024894498848224256,0.026107447240629744,0.05646015961548434,0.044641129410685876,0.043555858849140705,0.04879658676567522,0.035507686872100264,0.008761361891432617,0.06244535258576178,0.04996522615870824
89,서울특별시,3차 산업,실질,0.02150365054939596,0.0380400589474299,0.03128900076139507,0.015258269752612907,0.02289462077687232,0.013056813947631918,0.030462441417612895,0.030136570774990545,0.02330058527066381,0.03746305447904663,0.03275783361041662,0.0010322800450177638,0.03392583015972628,0.03524763721464108
112,부산광역시,총생산,명목,-0.0026420807372182775,0.049546507052971034,0.024736619233589163,0.03901120336227182,0.03040127861355768,0.05787671747142498,0.06625597258531468,0.03427810986299318,0.026880420473410993,0.024412595526044134,0.03369906095468256,-0.018552934179534075,0.0714171975028155,0.06636533450416926
113,부산광역시,총생산,실질,-0.03458653909617948,0.053148789565331755,0.025345332119733888,0.02642476157735918,0.016601219800655098,0.04231513823350186,0.03043820740887848,0.01708594222907478,0.01578138759141856,0.016946015315610463,0.025497757937849475,-0.03526906323897061,0.019387662620078627,0.02572695841260897
118,부산광역시,1차 산업,명목,0.2660660685891687,0.000562422231439319,0.25089663383016436,-0.12319161402011125,-0.16453906927944895,-0.05248729255974627,0.017105818499187464,-0.05607983777085135,0.018678649647015266,-0.17400015231310884,-0.15423750050236762,0.22242875711031296,0.007628106921546696,-0.2842924119401088
119,부산광역시,1차 산업,실질,-0.029277527787124336,-0.05254868908740229,0.16898699492821945,-0.08233622747259317,-0.11989392322736037,0.04190798380535554,-0.17811474726773846,-0.0427297307446769,-0.00223607016552807,-0.1318876392566687,-0.1132646729801583,0.05899222885920263,0.16590020666687577,-0.15748792070688689
124,부산광역시,2차 산업,명목,0.0015442208703790872,0.08876063322978456,0.03376999687147464,0.016444484004266124,0.014161858154822626,0.04480058183943303,0.09248663814782732,0.013895632664403523,-0.027720313701803168,-0.007695013120543326,0.0377142347192585,-0.035091780389723715,0.027591047805864966,0.08603084217774093
125,부산광역시,2차 산업,실질,-0.13174307213632708,0.17991401500432969,0.003867915697929769,0.013077148637171021,0.003601003293362215,0.04766795897833265,0.06392551745102493,-0.021206491546223227,-0.0206653257522057,-0.009198445978737091,0.03360679235297814,-0.05164086808917723,0.012120554484357005,0.03455684887997568
144,부산광역시,3차 산업,명목,-0.002364622515540704,0.046311515516059165,0.018012718886806445,0.047139755148581486,0.03758756633870464,0.05099431038870361,0.05736637787490628,0.02691615419134008,0.04479396431113147,0.036004326181913404,0.03635715584848431,-0.025571765776034816,0.09737975273387689,0.08563745851619364
145,부산광역시,3차 산업,실질,-0.0013675819034875136,0.030473947653812727,0.025537363481525466,0.03350062152661093,0.026002492221418594,0.033188004771578905,0.02723626597975759,0.019162931389584914,0.02657160150186333,0.028213861222764036,0.02893380439517035,-0.037818812541310365,0.02709425816554689,0.03029962498529737
168,대구광역시,총생산,명목,0.01628907123206358,0.07045945692796529,0.04970036149052359,0.051775252502627156,0.0459687008127172,0.04078524393951466,0.06154194798040158,0.02595804219338227,0.03133034380908195,0.03431368776420918,0.024336201695514204,-0.006356948880736013,0.056504859586134604,0.036110735713294595
169,대구광역시,총생산,실질,-0.027813019431436325,0.06482644575036511,0.03496821498966218,0.03745777345847734,0.03522496100781991,0.026372062967723098,0.02965379126867229,3.6451690905936474e-05,0.017314636014864382,0.02359158497374514,0.014773392624118031,-0.019971061445134164,0.04376648555448015,0.017474818834170014
174,대구광역시,1차 산업,명목,0.06636649602171096,-0.000713363024659186,0.03545565631230296,0.02353993403849608,-0.05223522843810113,-0.06476934404712364,-0.0037584976962942163,0.08219488730071478,0.09947231729541972,-0.1281461887655505,-0.10102147617218038,-0.03947445986972031,0.07156830404062875,-0.06196305841924399
175,대구광역시,1차 산업,실질,0.0712908873339897,-0.08727446804998429,-0.040693047818852635,-0.03407362718851725,-0.022803570499141168,-0.026238523558745452,-0.005045877832323686,0.03614623419461238,0.02460538532961931,-0.14792543206680042,-0.03236172200824994,-0.1476169167118082,-0.012203658334407841,-0.02462493822786227
180,대구광역시,2차 산업,명목,0.040934926691525986,0.15596039452119959,0.08660090151690847,0.06746004448926146,0.057250246783934866,0.011340495417970331,0.055956484211399315,0.01602406757507957,0.01882428464033592,0.03692299455210102,-0.03977832672341686,-0.07159757434519443,0.08718646981706968,0.08600860755550133
181,대구광역시,2차 산업,실질,-0.08487051527584566,0.2427699440832738,0.05594041397185978,0.06066334810177376,0.039715275735983324,0.010796406246337709,0.02311917048537593,-0.025533442797024297,0.03439055214172804,0.039762449252098486,-0.05219062794805518,-0.08419463904970603,0.09595851751015894,0.03683270371092662
200,대구광역시,3차 산업,명목,0.04180130054670417,0.0627110301565883,0.04517305461517562,0.04757592558069246,0.03050626868090256,0.038454261736860174,0.049194008503739006,0.022286075355095525,0.04796428627028382,0.043112066573644414,0.038211465783362986,-0.012365885599518678,0.03993608778814939,0.025128829434162947
201,대구광역시,3차 산업,실질,0.01795305817869952,0.03789672034758973,0.03223434875898268,0.033241446945443176,0.021361356834522116,0.021414451103956678,0.020384306346468595,0.0019460458579203532,0.026402212228968214,0.03042781662051275,0.03065930803150496,-0.02251351487839659,0.026998765765966493,0.01397884923362569
224,인천광역시,총생산,명목,0.0492481523991275,0.12284524217577775,0.01819689355231957,0.030905436261292607,0.0450176425582447,0.07512855736991297,0.07405974260605008,0.056475790499394884,0.04587616351281221,0.0021235753556707593,0.014707760209479392,-0.0047204868920096565,0.10104324069511894,0.059050941080648345
225,인천광역시,총생산,실질,-0.013753867041381374,0.09735216159989468,0.017832229849929826,0.036759461446457475,0.02657246271638325,0.0482343991152514,0.01834085915392958,0.02644961274437474,0.04296833324272309,0.007404714144210178,0.017781146073571508,-0.03474225978922896,0.063814828033115,0.05963671615380206
230,인천광역시,1차 산업,명목,0.06808997546343498,-0.09753641065103491,0.045292671916537186,-0.015678982725527812,-0.0385848171303913,0.04871102547525785,0.006003489276317664,-0.02299752882701389,0.05075900744864459,-0.025230279456458504,0.02939340089332876,0.09189878536213625,0.03627435619872377,-0.24661963651857788
231,인천광역시,1차 산업,실질,-0.05953557084160477,-0.15814327930333705,-0.02992065991051407,-0.017166900420757414,0.004126132443958763,0.099318656152803,-0.07778368755032539,-0.0007850079502080831,0.018229699017568324,0.013844766977258782,0.10194992778045253,-0.04856855939817828,0.03683046874132012,-0.168863361979669
236,인천광역시,2차 산업,명목,-0.010958398953450077,0.15878359163311973,0.05194346443104014,0.02171996545695909,0.020943399005586505,0.025479876995694983,0.08808008168043724,0.043670703666958355,0.06889417339581883,-0.021426237659496805,-0.04970631598972697,0.019142824556751536,0.11503213255327482,0.08096357425343448
237,인천광역시,2차 산업,실질,-0.15323673700638185,0.2334258916983598,0.018788984814818388,0.01782990065106138,0.006486447295159792,0.035362482311830146,0.06386929215407688,0.021740572779006317,0.05099442116441488,-0.014220585604499902,-0.03055320537670614,0.019457479706373793,0.0896207228607504,0.034233079656348364
256,인천광역시,3차 산업,명목,0.048462113094106085,0.11259154435362273,0.020050724388516183,0.040709093063818536,0.051727971792359995,0.07682078922863034,0.07023755047354463,0.04690437473235742,0.044840571854479316,0.04457892525551643,0.04449802636792688,-0.04306550100259143,0.09701704481178641,0.08901625971737626
257,인천광역시,3차 산업,실질,0.026288803977227326,0.04757184686848537,0.028580910888062583,0.059123527064248504,0.04568424493037471,0.045810951258516086,0.00932077675595111,0.01849698879297379,0.03520222326036171,0.046109303536393975,0.043894585410126474,-0.078796969621865,0.0363782113336617,0.08155956682511656
280,광주광역시,총생산,명목,0.04035656501677187,0.10683093883876538,0.02855251130367198,0.03818948051568105,0.05002365347731308,0.05609550657308526,0.05539169589628723,0.056633193946011406,0.025120477179639167,0.05461778119107241,0.043063170866791234,0.013218615335285566,0.03979701240722733,0.033777820146868365
281,광주광역시,총생산,실질,-0.02197090691206416,0.12057210052107736,0.01818763785247879,0.020585527689842564,0.038205279142005555,0.0398724443564602,0.019784270618104616,0.031219819530099002,0.012555261165762444,0.05033613656936775,0.036841955284944605,-0.0023569030027029703,0.04367485354778711,0.016541622846975468
286,광주광역시,1차 산업,명목,0.04792590473465874,0.008783723834808743,0.041580969906906295,0.030314249710952534,-0.03478732324219369,0.01728901458495269,0.06930337078651694,-0.07806345470266118,-0.03860156438261597,-0.03332972035551707,-0.10736110332455007,-0.18607901017460116,0.20970542276752124,0.15783598453135594
287,광주광역시,1차 산업,실질,0.07134787849718216,-0.07923819173627722,-0.04788775647300436,-0.03985404991331698,-0.006844569484977692,0.0921294632475742,0.07459527819180178,-0.11843716975694107,-0.026924308161750177,-0.07514034129883951,-0.04027820874737953,-0.2767626903453225,0.12089889110595009,0.18302351144444118
292,광주광역시,2차 산업,명목,0.09979674010942663,0.24868671041097934,0.009313855058319609,-0.007986690098113258,0.056201641205077646,0.04369582605673461,0.08044183743573496,0.03581111978658913,0.026991140544617487,0.012652962005257118,0.020790887929523993,0.03498942970080132,0.03141642865250671,0.027626549605773265
293,광주광역시,2차 산업,실질,-0.07767525804182362,0.4060592129779579,-0.005802851202949322,-0.025970073963275553,0.03437271814322407,0.0435500185461033,0.032438927073572765,-0.0004881049287887018,0.036896708504980724,0.028711537321803204,0.02036567282374646,0.01816083893601883,0.08861892627284007,0.0032394530374031394
312,광주광역시,3차 산업,명목,0.0441151110889646,0.06757181580254268,0.04444030280971689,0.046714006907033534,0.04366191247395168,0.05847573557426866,0.055584534671440755,0.05963629456403896,0.044636354723108784,0.04351368145746459,0.05570559248908857,-0.008312175508165875,0.04355509293698678,0.03609619381405471
313,광주광역시,3차 산업,실질,0.015801963810978537,0.041565990881563764,0.03261661482709366,0.03303339405658212,0.036836989083303795,0.04023901151524045,0.02429928078089061,0.03947430289853693,0.023468309669351095,0.03185920160898004,0.046808320949954574,-0.018345808239679462,0.03344488194924522,0.02448747579151278
336,대전광역시,총생산,명목,0.06760152338790659,0.08223570195605734,0.048143908544191705,0.03780260065149976,0.024273292078868414,0.037269222858881124,0.06390121049471009,0.058456840522574716,0.030563119284308105,0.019022614868743792,0.043184249343498404,0.030189163157023025,0.052338136237998656,0.06098972549152237
337,대전광역시,총생산,실질,0.026250242579142657,0.07015475412812067,0.03604855704442134,0.015408702274173791,0.011385925221785165,0.019962506784716005,0.029958829488119232,0.03481840647700407,0.008215192015239348,0.009368602502522139,0.03956392379965634,0.012883586046359419,0.031349208747015744,0.04459611207927883
342,대전광역시,1차 산업,명목,-0.07814638471769764,-0.07341655688685356,0.1344556779202022,-0.0036005569922419323,-0.12954940206432553,-0.12963302752293582,-0.004690629282175562,0.004368546465448819,-0.011546065638592284,-0.07101901485452167,-0.07107997933053911,0.08813894554669632,0.2074978699233172,0.08321573054849929
343,대전광역시,1차 산업,실질,-0.06530433168525673,-0.1444458486035638,0.06148976577336995,-0.060631361323155164,-0.11135565243154022,-0.08818346351686035,-0.013554806863590119,-0.01900979613449827,0.01265788621396946,-0.05903360784627276,-0.003937007874015741,-0.022720163789916703,0.11737662942271876,0.1173636789750534
348,대전광역시,2차 산업,명목,0.09451222292425232,0.09905113763503315,0.024696139154361862,0.09506765680195217,0.04506017049835975,0.05616868280786336,0.14453355689850889,0.03737516083573311,-0.011246174328516267,-0.03457944217595266,0.008425443221455886,0.025192144381794623,0.04706010007026773,-0.005575591637767108
349,대전광역시,2차 산업,실질,-0.008476763372384344,0.14985715159085955,0.007575499068363412,0.07620732314098455,0.03453774614115335,0.06075148808207986,0.0911289022441868,0.009117882947187406,-0.019676291318129868,-0.033580484504849406,0.04177045659042711,0.01335391306042033,0.04988952279448666,0.0054301549954671735
368,대전광역시,3차 산업,명목,0.06905953939685938,0.08082602596057575,0.055937108676706426,0.034296548369307844,0.02475848282351545,0.03388291908705976,0.050012834998706124,0.054054484638414335,0.04205302269131583,0.03322180873126124,0.04219332573607493,0.021827714346344784,0.047703042343500535,0.07049600200550388
369,대전광역시,3차 산업,실질,0.0409170652510058,0.054214842859209966,0.04150424817924314,0.013512116122874396,0.011530895177170652,0.016135077394436204,0.020342542802094243,0.031942637123992146,0.01599736312294886,0.020301184115997017,0.03093616014323808,0.0072268242668296345,0.02379140154826942,0.054659142419872575
392,울산광역시,총생산,명목,-0.038922244552641594,0.19330489399199968,0.1241950182990974,0.01928772064587192,0.018068049063063363,-0.01587891950106679,0.03877777261311577,0.02479509510536282,0.01458902666258477,-0.027756185571841674,0.0136744695209563,-0.07087616858796753,0.12413491473615035,0.10620566933157427
393,울산광역시,총생산,실질,-0.015660761582313665,0.04513876378698356,0.07943575229568345,0.006159568070277954,0.0050682967168005355,0.0011969042844923727,0.006151696313982935,0.008554856302519731,-0.006923273612875147,-0.022263877071459492,0.009534162391745094,-0.06786797938298827,0.03555212605495073,-0.004589009741456707
398,울산광역시,1차 산업,명목,0.1634093985834062,-0.06656423377842347,0.12295189228279213,-0.047562972639791035,0.05776859078381369,0.05323170768828045,-0.06780650493910656,-0.0251804360227188,0.030111630569602088,-0.1250702381613965,-0.1434287972673508,0.07391386739830774,0.20081017630541198,-0.05323417414194076
399,울산광역시,1차 산업,실질,0.09004156416998899,-0.13686515810946764,0.054886530486077056,-0.06522920265922705,0.09488512427998597,0.09318166906251668,-0.12002313488620797,-0.020666435179443887,0.004337007654660274,-0.06536046599591494,-0.08143801429920405,-0.050812858884173084,0.137112620487986,0.0164773113817267
404,울산광역시,2차 산업,명목,-0.029755874400092863,0.2157271780220673,0.247669287645208,-0.029850681324654182,-0.007172726294152887,-0.061324382383201814,0.038696805014504454,0.010517120669679692,-0.008947907427862,-0.037832076767281175,0.030276276102668254,-0.11403960608972907,0.17766369595777154,0.2353153498664997
405,울산광역시,2차 산업,실질,-0.003075278851595864,0.024673868552535172,0.1462523165344538,-0.04376027622553369,-0.019252039944938404,-0.018405320946252135,0.010965721270459028,-0.0014517812974995659,-0.036833425119111585,-0.016065559067355295,0.029499901544076446,-0.08481589326568584,0.042045702501259274,0.025855355436082972
424,울산광역시,3차 산업,명목,-0.013993527689589946,0.05356374470648717,0.033442756440041244,0.08189517036745331,0.08452758463176391,0.07419068615808921,0.09118145443404324,0.013450376189111601,0.01886819756296676,0.021614949500688097,0.024492169830757637,-0.006650494626410985,0.09529133042746318,0.0904212359365375
425,울산광역시,3차 산업,실질,0.003191636622799532,0.044382889918467505,0.045930785771417515,0.06469834686672904,0.07140709914106513,0.05266509689354271,0.06191563209813622,0.006861194927206382,-0.002541044682830673,0.009000488153534825,0.01243410836379133,-0.020247131952058073,0.030844542610832137,0.03242673791206263
448,세종특별자치시,총생산,명목,,,,,,0.27504910269142857,0.11102256667513988,0.07750328427995212,0.06540510733021199,0.04418887320150988,0.06786384733154205,0.0715557360284147,0.09981848436689811,0.03760545825608763
449,세종특별자치시,총생산,실질,,,,,,0.25450201610999357,0.07254363575723333,0.050570515085877066,0.04216485589169228,0.02795280234126385,0.06403059976342163,0.05021539909692874,0.07395350318651794,0.03253851706597999
454,세종특별자치시,1차 산업,명목,,,,,,0.17476604563712494,-0.1289108145588469,0.14438128643981973,0.15206345441608438,-0.23473867995866704,-0.2190002690230325,-0.008637992594113686,0.2341487534829645,-0.17434853464285138
455,세종특별자치시,1차 산업,실질,,,,,,0.17688785743539115,-0.14526440709725486,0.09000798609479954,0.11748959665177394,-0.17956651040015081,-0.15241985187351792,-0.13029653183465206,0.08913641130289385,-0.08597897366503593
460,세종특별자치시,2차 산업,명목,,,,,,0.058915329608990374,0.0013878563012008627,0.02050445153218683,-0.012518327297872056,-0.0074803250509657415,0.024313523303158835,0.14124982748461679,0.09957326013085988,0.001327929454939536
461,세종특별자치시,2차 산업,실질,,,,,,0.06310619422114683,-0.034680202548035055,0.0034954749249469508,-0.01952479685844366,-0.004890530336904675,0.06911017845254697,0.13200122114930224,0.09825219906680505,0.020385282203673194
480,세종특별자치시,3차 산업,명목,,,,,,0.44663627408843176,0.2507527278255255,0.09866472013932559,0.12049763823114779,0.12155031816216932,0.13838841318221107,0.09525215951596144,0.13398866955757693,0.07233320660076248
481,세종특별자치시,3차 산업,실질,,,,,,0.419617123789906,0.22217258143544405,0.07176433155017192,0.08662841112291142,0.09751256376623507,0.12405756711351468,0.07480564245223342,0.09890797718781275,0.05262140224155698
504,경기도,총생산,명목,0.05512524027087751,0.12303951058898654,0.05131518579203043,0.06348336486968265,0.07053462346261763,0.05505556468627493,0.08598470590249185,0.06665096577500407,0.10796475010037665,0.06290231971801741,-0.00502006171290259,0.029083562563712695,0.07716796541317827,0.03326777540298598
505,경기도,총생산,실질,0.020933410524879736,0.09816242732238467,0.04333647330325907,0.04485246543440358,0.05676915320335851,0.04540246039786089,0.054723895347709384,0.04672950196286796,0.0658906492387843,0.06040219086110521,0.02295494453331104,0.016730536689419928,0.060286477245874215,0.036117613049064135
510,경기도,1차 산업,명목,0.07533106655698729,0.03500139455155726,0.05427269478198715,-0.013963737200642035,0.068129904313458,0.1340945162450098,-0.0005679109052516562,-0.05169477591405103,0.017640898856351006,-0.07109094552614259,-0.04136255353658225,0.06168993605736661,0.16269846580883596,-0.11847178840311856
511,경기도,1차 산업,실질,0.03557643937336685,-0.0563704771137048,-0.019082647978950318,-0.03151141679297442,0.12031280988041337,0.10609886560249837,-0.02661991191745794,-0.09194593460230316,-0.01783899899207453,0.01833654183544997,0.03759299756550716,-0.06582205089632698,0.03567283418161127,-0.028067409374968877
516,경기도,2차 산업,명목,0.0560217816962858,0.20162958993663227,0.06906664060902323,0.053085783654871044,0.10267249792513589,0.026561850854745384,0.0997427438116758,0.06059524301027874,0.17775487593097417,0.06933116893031399,-0.07602183925435557,0.043155248427346526,0.09095533355780683,-0.008470344141542463
517,경기도,2차 산업,실질,0.009292479636086037,0.21715315816264313,0.06354548872153476,0.04372104823572376,0.08920508884431988,0.042573724472303676,0.07355945515218942,0.048667731846494755,0.10234408713009491,0.08622638207921463,0.019889281981283924,0.04392055662889116,0.09094263441858375,0.018986446052115635
536,경기도,3차 산업,명목,0.06004283430651536,0.09244265789472128,0.06108683874647647,0.07644137115236571,0.059201626116865746,0.06985138624477649,0.06256952365801771,0.05181976600411664,0.06011924873673813,0.06511925629178106,0.040080693323475636,0.026800163457885606,0.07457630589187869,0.06513822718987039
537,경기도,3차 산업,실질,0.0355475480285794,0.06573478488435969,0.04805950629164912,0.05484799317364897,0.046190415277776786,0.04834831934206418,0.0337226950382008,0.030627611948282674,0.03281019415492015,0.05180104397160701,0.031147492263557286,0.012507293331551539,0.05046215790169506,0.049714499726068784
560,강원도,총생산,명목,0.04171713695540791,0.05008591439749499,0.04281227526413289,0.04441380697688224,0.04982701829687297,0.06883008866525464,0.05395692525877771,0.054093051076533394,0.05647977575160823,0.03107034028061162,0.040422179723447194,-0.0034016185933410936,0.05242057371745368,0.02584413522255047
561,강원도,총생산,실질,0.00897645478336484,0.043430260271881016,0.02380885960869561,0.019956831270681707,0.03216924659808029,0.04883391446047192,0.01971151894430223,0.02885745406826401,0.04076432342400049,0.018577392540936044,0.033422888606703616,-0.026810466458972226,0.04354745984843422,0.029883865424863654
566,강원도,1차 산업,명목,0.1523181166129146,0.10011130906396337,0.049597029154119454,0.038031346791287834,-0.025079318309770282,0.09368478146478099,0.03884837556883958,0.024118144421960697,0.03889667596477531,-0.04798569550261067,-0.01504051353092839,0.07504016089114796,0.10777759422545374,-0.016721165843948338
567,강원도,1차 산업,실질,0.11814084737040043,-0.00316927841245096,-0.017963992101836967,-0.02432175536628145,0.00752086990719536,0.15788835272380686,0.045208357019764556,-0.023027997073939988,0.022765141551610135,-0.03588768199478698,0.07289685617515373,-0.03182023529455014,0.030343104981171765,0.01859857845494961
572,강원도,2차 산업,명목,0.02785521909052302,0.0287582779551947,0.050827185197838354,-0.019466187682896652,0.06825271150709233,0.11584945655152712,0.06648360048192159,0.06261826441082485,0.08527024378128223,0.02249660585437674,-0.006959309489039889,-0.0031751257874838013,0.0028367671804856442,0.03172449191165705
573,강원도,2차 산업,실질,-0.04428667815168086,0.16991575458612385,0.03909090505511492,-0.02027480450123975,0.059563230800043776,0.10022045112667022,0.03264435173945657,0.03816882381297004,0.10196014021011579,0.022840735475889273,-0.0018545700435748103,-0.01748555313466793,0.025499512291472515,0.023265232622643683
592,강원도,3차 산업,명목,0.03531318966278674,0.07037609311736404,0.049233189928858945,0.04789542515840339,0.054805207465710604,0.04575054593926886,0.03807422840293051,0.04754775685301915,0.05748109520844169,0.05723104089518971,0.0462793784678972,-0.016359578989461276,0.06814524819991585,0.058854916835984206
593,강원도,3차 산업,실질,0.011632267107171357,0.049596465409968093,0.02978402079334641,0.025515789997925475,0.037925130502073356,0.02395622909055506,0.010357735479411545,0.026386738129009712,0.03395609110678954,0.038180902288546203,0.03448413426712782,-0.031595169933452016,0.054346433523144055,0.036951137682562196
616,충청북도,총생산,명목,0.05446543704865148,0.132648475632561,0.07486709802476521,0.049992328675089404,0.04893933448866772,0.049106661708139265,0.10203612071600876,0.08116449462548059,0.09453687517171172,0.0662127291484127,-0.003119625871786713,0.0023643742869001727,0.08199639200342834,0.05491549559302422
617,충청북도,총생산,실질,0.05538545083375901,0.08736067846784557,0.05892540106969091,0.03430927841675713,0.03929415733567265,0.041943872264210036,0.06967372079364997,0.05777868540327491,0.06119515900959649,0.06257747488791487,0.016675707629392633,-0.0149650581525409,0.06859404017771742,0.04515920588502742
622,충청북도,1차 산업,명목,0.15917375455650062,0.030097060898306216,0.1311002083926327,0.059418767041298226,-0.046217816412311485,-0.0429353079805147,0.10316713703355274,-0.010513349889789803,0.04030837959094402,-0.042428943147250875,-0.06143297225455924,0.006847424736544205,0.1542765945714144,-0.02297150442551754
623,충청북도,1차 산업,실질,0.15412435574207106,-0.06506404450769832,0.03453692991536261,0.005880930290295794,-0.0070226654105801645,-0.021706627324743932,0.09805600838028439,-0.06028195844927842,0.01626371340372601,-0.02159187394844775,0.01621143879121112,-0.10651337253394344,0.046587646106234004,0.03446724575428717
628,충청북도,2차 산업,명목,0.045240332393728044,0.25101823758590114,0.10098205710331798,0.039290512509850606,0.0721769467012614,0.056273409868420554,0.1360374936008224,0.08231570206486039,0.14926930947884642,0.08698062369962845,-0.028419879763598166,-0.0025501072388346424,0.1201455800482707,0.030150188418776924
629,충청북도,2차 산업,실질,0.08638023407269801,0.16975458022601342,0.0868866899653844,0.032728152316555015,0.06084210945732238,0.06406735511979922,0.1023349387848087,0.06291604923366911,0.10361596744995039,0.10027957165913826,0.02653646488752459,-0.015526783696978352,0.12021133013273677,0.032101589639917494
648,충청북도,3차 산업,명목,0.05070177154331379,0.07270899724682711,0.07556799604688758,0.057366639819189436,0.043152254056542994,0.05408731067084371,0.05202310332795235,0.058864031933070216,0.04452255668998317,0.03683297794839313,0.045417763810033485,0.014509413684023809,0.06077335965032571,0.0605993943520291
649,충청북도,3차 산업,실질,0.024117566030008142,0.04888290664687278,0.06174022092518694,0.04017226778145955,0.03141482766767267,0.03462874617553169,0.024128430146989732,0.03683987992032334,0.020877469132371873,0.021515078905177454,0.03286702129534813,0.0007479444031035509,0.04673040600973222,0.03790605449846174
672,충청남도,총생산,명목,0.11859772453097972,0.15793222922968653,0.08389866330803786,0.021719071790049282,-0.003285410085904661,0.030255222136681637,0.04668740124321502,0.05498579252372848,0.08130085705561552,-0.0002034741138878804,-0.017707824032409336,0.017999481444456844,0.08556479393731165,0.02449122960723016
673,충청남도,총생산,실질,0.025839274261768352,0.11443403857605827,0.07016324323546907,0.007142991276430921,-0.018303556814518673,0.028704369823600917,0.010975394733639288,0.03163138684773115,0.05418286873696121,0.006422219338685808,0.01296633884252052,0.004018100417108705,0.050772122303762934,0.024594819828132275
678,충청남도,1차 산업,명목,0.05151824938524019,0.06459302624326169,0.07250110861947867,0.04834871255143125,-0.04392300358132517,0.11246186029899485,0.031022595827940425,-0.06035224046054344,0.031464518975668154,-0.051773130048202054,-0.025144419346976976,0.06483818135912212,0.2129892414957224,-0.12771803008085592
679,충청남도,1차 산업,실질,0.022336653137071227,-0.03125577849906558,-0.01614442155205653,0.014956586349370582,-0.0010343009686181182,0.13370749892684186,0.009078303509987062,-0.0963385355476738,-0.001300095968841064,-0.009823795223407594,0.05231286565354987,-0.06320957261787374,0.10625841576883732,-0.057270082838535075
684,충청남도,2차 산업,명목,0.19873934189787734,0.23072586638962056,0.1330743494928761,-0.0017878903455212924,-0.026910481822609245,0.0023068918945940986,0.004438564029618064,0.05828460684539838,0.14977758131026042,0.00550545322733087,-0.060869595389078435,0.001839325000750236,0.13220581780446672,0.06846067106495402
685,충청남도,2차 산업,실질,0.04547276949758827,0.17310801062184478,0.1120129159231964,-0.010464997425147615,-0.03694373489863345,0.02361633655006834,-0.01849840283641435,0.04377165336406463,0.09225073368383385,0.021438323245310364,0.007042119263909852,0.009278379438276474,0.06982019941454931,0.02921638202744603
704,충청남도,3차 산업,명목,0.0604487418608477,0.08203438051661194,0.05149051836284113,0.03288456602374579,0.04167005557283998,0.04671158724753122,0.06359066526329604,0.06430925887311845,0.03189040106342689,0.04128867212743681,0.052005412432206244,0.025322870130739528,0.052612884821975126,0.07556904601871617
705,충청남도,3차 산업,실질,0.038324291183001735,0.05989973836737139,0.040303033908828834,0.015013106799593556,0.029025038301536243,0.026592370541154375,0.03575611479094798,0.04437478525799854,0.009483984181267058,0.026694264775484644,0.04058799502615784,0.011740757066334817,0.03276974205398231,0.050347908030031086
728,전라북도,총생산,명목,0.08759247986692631,0.057116341379398694,0.060862133292641785,0.02903520447297203,0.055288702154614455,0.03848995409840539,0.041334542796757745,0.018312507704491665,0.030690482011692444,0.025266048230830007,0.02771436281910522,0.015826711785472236,0.05935897786625777,0.03283874404206677
729,전라북도,총생산,실질,0.009202549304252017,0.05091275487955316,0.038656837575971936,0.010217726301080976,0.04366597462714883,0.020382700948959442,0.00966627433624323,-0.007517924826621836,0.019041199368685646,0.01677480578079682,0.023893051764425133,-0.007873564359549556,0.030949653894601026,0.020578997516469633
734,전라북도,1차 산업,명목,0.0983850859854083,-0.002468421769486362,0.14781614404053167,-0.04238276025254273,0.07707741797460921,0.012667491442785339,0.011451850592536728,-0.04107282440364646,0.05613760715105198,-0.036420750044176775,-0.048792451620724875,0.03878950537432768,0.1446586861241399,-0.043150211347672274
735,전라북도,1차 산업,실질,0.08343249965372079,-0.09514852417983821,0.0527415060199703,-0.08481032601401617,0.1200997457261852,0.04366668924622785,0.0026826291783987877,-0.08445148203772779,0.028966619868851184,-0.01257072149566818,0.030974314232910638,-0.0797507770492547,0.0442075153176662,0.021650355610632444
740,전라북도,2차 산업,명목,0.17926648410244583,0.0790624290893529,0.08128545627438988,-0.007702028283900875,0.0707070277355053,0.01906669503997227,0.05132841272872324,-0.01751550456225559,-0.00567763053248127,0.003763470193376195,-0.022810678405495333,-0.021474079291109893,0.12057544417218913,0.02897352175716761
741,전라북도,2차 산업,실질,-0.0492928248171991,0.18388063201912197,0.0426475238125279,-0.012536560818608211,0.05485787599133363,0.0143413867384099,0.01215469429991023,-0.05268191906156661,0.00597980184953073,-0.0015978775089690034,-0.027604327845480836,-0.041765668720987414,0.07091209620454664,0.000571928606668104
760,전라북도,3차 산업,명목,0.05472743953000325,0.06298612498322242,0.049269382789859595,0.045047693653485155,0.04416310501397902,0.044659113366585235,0.041900853311803044,0.04927197487977164,0.04282548987241985,0.043150131512694756,0.04925994391363564,0.00766870648334006,0.04799861805764016,0.04771604344574509
761,전라북도,3차 산업,실질,0.02869186659801959,0.04109959050357914,0.036690174770556805,0.030857027352810373,0.03321510104640191,0.026277992771398972,0.015653296198344435,0.029856777867873108,0.020768275987842255,0.02857600685803563,0.03806408962001728,-0.003209246119336595,0.03284540335644004,0.027300800681019144
784,전라남도,총생산,명목,-0.020264037323645123,0.16556486822971817,0.023319994538534505,0.020375605193096336,0.03027625453369831,-0.003919527137934975,0.040218093328912685,0.03973708671644638,0.029560680257020744,0.022950317012593757,0.020201583080657004,0.024313369967463805,0.12135034134850886,0.02898540902530833
785,전라남도,총생산,실질,-0.005047264754714287,0.09938959115744428,-0.013994853087703873,0.006665740498714712,0.01926581188184695,-0.00045021686568402774,0.006918768056128899,0.022813371790298964,0.012639581100417185,0.021700394107505572,0.023731247141773437,0.004750528153260047,0.02658699069021231,-0.019365032933399307
790,전라남도,1차 산업,명목,0.07217538506483123,0.09046687186596913,0.08733220243554785,-0.0052071589111508665,0.031294024185144265,-0.03441938768606079,0.040738082606025516,0.0018906587823002141,0.05663046785746939,0.02311367497378458,-0.03447964311059659,0.09101531851522449,0.11208787382295471,-0.09876281772288786
791,전라남도,1차 산업,실질,0.010325279533683451,-0.0018666550113423108,-0.004509204295937819,-0.03814896886203756,0.07469606205088497,0.012572062000179463,-0.00502909209003477,-0.008293430577568817,0.02760565126443315,0.04756833838593688,0.03533148175714329,-0.042598043453708434,0.07135644810203012,-0.021166584745739292
796,전라남도,2차 산업,명목,-0.17303316545486147,0.4452472897876376,0.056433677664967874,-0.010762751582221175,0.030783242379448295,-0.05856234553050865,-0.006741655449633122,0.03541747003157436,0.04934719561060574,-0.0035856686730020293,-0.030176213768122073,-0.05402893677609566,0.3131128713330358,0.14212233737327207
797,전라남도,2차 산업,실질,-0.12708063633944777,0.26728770123789625,-0.04092309921264392,-0.01549333935345587,0.02440984635598875,-0.02082634829489216,-0.02199289514211289,0.02405349643137411,0.0148771392835918,0.0061274835403073435,-0.00831537951516681,-0.034938239112501046,0.051732809398918445,-0.029947351995882165
816,전라남도,3차 산업,명목,0.01956560871805002,0.058001530621504926,0.02406842424154343,0.04931464562655519,0.051253862619158985,0.05262843520400584,0.06575023916143463,0.03677557884167215,0.040793419295214406,0.051622081311227364,0.05898804687752923,0.017885698418955487,0.08233947187029123,0.06461554322795537
817,전라남도,3차 산업,실질,0.015230157850691484,0.045919400963592594,0.026038952230923673,0.03322141923397659,0.03670721726733195,0.03191359564825191,0.03913731830486533,0.028042783758403633,0.020482499794077347,0.0372464329585962,0.04682176835356677,0.0014599654267881679,0.03252991501109048,0.023634364116364548
840,경상북도,총생산,명목,0.035213643062618205,0.10898946444551316,0.037729806844668534,0.0217525779029637,0.04540675448350595,0.0644495121084665,-0.003446472892610797,0.04189708795487479,0.02407948934838977,-0.011316111564754316,-0.018175501498685853,-0.009680684954502139,0.07104306321279763,0.01814539206183774
841,경상북도,총생산,실질,-0.00439419396658236,0.07372110208678606,0.02631735565742699,0.008076701891252203,0.037942637935604484,0.07141167227256395,-0.026260157408103835,0.025458859291684233,-0.012442241511638419,-0.012263531903278335,0.012297925177384261,-0.029185388401902657,0.03802010449663107,0.017423804787530806
846,경상북도,1차 산업,명목,0.00573133944395865,0.09709421511588578,0.07277633229057989,0.12243676093264844,-0.03064597958163484,-0.009742168552979824,0.06315544885409063,-0.05470993367431454,0.049594841077384766,0.011414124234052414,-0.010985708652563653,0.06354558945092381,0.17135083527599648,-0.09124803055382347
847,경상북도,1차 산업,실질,-0.011228905520948906,-0.0018588277972848566,-0.020730123460653727,0.06317941310255426,0.006947405799517803,0.035317481403027484,0.05364755841742852,-0.09246171988508123,0.023744158590829123,0.019109197010405587,0.06658781063531394,-0.059273872971938424,0.07875931056678764,-0.039222345939104564
852,경상북도,2차 산업,명목,0.030602985887476786,0.1454651871609236,0.033972790648276296,-0.005337519242862077,0.05313946629616706,0.0710066377902232,-0.09126797326133296,0.030925637604582557,0.017006394067592856,-0.03482329384878735,-0.07671458155108046,-0.049101893046779255,0.11716573413233289,0.003509080467798409
853,경상북도,2차 산업,실질,-0.017759839502450525,0.10210008825528827,0.02748213379493092,-0.008606346142157939,0.050653240039833625,0.10406860215304281,-0.1008530577852429,0.025633390340890072,-0.04785006750850074,-0.02596426789327999,-0.0017147773779845332,-0.05175151108306353,0.05441748365260257,-0.024304355947899148
872,경상북도,3차 산업,명목,0.046615629222514166,0.06311117138553413,0.05702443247633493,0.05474414024332308,0.03922613894686733,0.05684788917337258,0.061989366711785454,0.06108417922799547,0.03709382174756515,0.039876484613956986,0.03699627992629129,0.00023617295042321906,0.05352083412678521,0.06936960934770897
873,경상북도,3차 산업,실질,0.023616337696603873,0.040223830746325184,0.04487226715154069,0.03771280210192951,0.028332918225704162,0.03738395334065947,0.035241987667596675,0.041666707285690885,0.014059646246731061,0.02398783244921221,0.02490912456733052,-0.013043167261237665,0.03805040787868541,0.04793332297130881
896,경상남도,총생산,명목,0.04321439412797767,0.048327004427211495,0.046150262943582376,0.04284449708817539,0.013521519180487829,0.013585366364696982,0.05477304509443215,0.025773795625549267,0.0014084191571894777,0.011215558648602242,0.029811470985524613,-0.02783628384862069,0.018968991243534905,0.06295407614655413
897,경상남도,총생산,실질,0.034903330808119026,0.0607826452199951,0.030124621511479877,0.026206141392592697,0.005421453080767469,0.003524525230583553,0.01666637194187981,0.007058939795781427,-0.007285117928352403,0.00622148672934375,0.020019582125382795,-0.05436077504417036,0.018943593313113682,0.046312601993018676
902,경상남도,1차 산업,명목,0.044013877065659957,0.05675555775275276,0.04810616762784825,-0.0033572862626118916,0.008923404741785212,0.01932609522229778,0.022509067572755503,-0.021009927915927817,0.06619410985901153,0.07259845914197594,-0.024045367863095524,0.03801010334128274,0.04768958341156271,-0.0379127709402467
903,경상남도,1차 산업,실질,-0.008139685305418087,-0.03332187851934387,-0.040622396844875786,-0.038484747599760505,0.049899479978908534,0.06808396355691304,-0.011659505013803195,-0.040496471447259985,0.03834610310311537,0.08243044482129247,0.04841699626154572,-0.0837217831768382,-0.012549257186748597,0.027261348167503474
908,경상남도,2차 산업,명목,0.043155923968347,0.04904929958784132,0.03919853472759538,0.03374019046367982,-0.03340392748442489,-0.025767901414959327,0.03549623825006454,0.011519011057651074,-0.0436637094549156,0.008451203721225875,0.03455522743525208,-0.05647209224635896,-0.010047935309861367,0.08617167561621053
909,경상남도,2차 산업,실질,0.07302279843644599,0.10445982142042953,0.014477331480947653,0.022334831748793693,-0.03345732558668646,-0.016696543753299986,-0.01033577879042391,-0.001016753482211974,-0.04092250693063626,0.008876753179557273,0.017216318639366124,-0.08538506102069576,0.013072392524231313,0.028966351409952074
928,경상남도,3차 산업,명목,0.04341840202373093,0.055100485383400066,0.07350122568421558,0.06492437861357248,0.0465289148664314,0.0434296634559328,0.05755473812444545,0.03337281940560488,0.032557271573436575,0.033251916026607375,0.04657648537365744,-0.010597452143297104,0.048891768500510135,0.06418052254433881
929,경상남도,3차 산업,실질,0.01696961699266808,0.03132431926409529,0.05985607462596154,0.04928817484524073,0.036375348133498964,0.024432048519196004,0.030641964534973143,0.013533844660193362,0.009199898699557396,0.018636851163307266,0.03521113981402091,-0.023051574748148673,0.03439387248075709,0.04323653928320437
952,제주특별자치도,총생산,명목,0.1034604925743936,0.05312987392696922,0.09393503757813737,0.0807763224853224,0.05819776283667499,0.0850154362737714,0.1187539374417863,0.10460225640270338,0.06740070834637457,0.0035057678587013807,0.012847959971913792,-0.034122210554009325,0.02914722948763937,0.042630631435695676
953,제주특별자치도,총생산,실질,0.06187134426315399,0.018227334141967644,0.0687847252680327,0.0631555710197782,0.049460147889672346,0.06925778868430155,0.07353318653584973,0.08031842642721965,0.04570800862275304,-0.009211812987822143,0.011487059989561565,-0.06404059378125626,0.012002286510451432,0.04568055974827745
958,제주특별자치도,1차 산업,명목,0.2915790820523132,0.028180479607778253,0.096906526742637,0.06260948981768566,-0.022915327474775316,-0.10482748836085043,0.007015280291294612,0.06776553787252593,0.11931404089266606,-0.11146465905194636,-0.08002413014027976,0.17537817698199465,0.03996629330409385,-0.037030438343780836
959,제주특별자치도,1차 산업,실질,0.23237716435010047,-0.05696372320305576,-0.009476152885434352,0.015147172124696517,0.01593418281547776,-0.046665085101927906,-0.03633899165772114,0.05793177337690425,0.03217365575312381,-0.12545554806429104,-0.013765063072323502,0.03176031594446349,0.004914090398387971,0.021288953490107287
964,제주특별자치도,2차 산업,명목,0.17761746038993653,-0.09862828979962868,0.07476383136854725,-0.010495045982531925,0.07886008592949456,0.10041448834642064,0.2262151726226529,0.1275882401973345,0.08586702076688257,-0.026680030004475497,-0.05089942128250424,-0.0316231209613036,0.024343875205578458,-0.03951396216862468
965,제주특별자치도,2차 산업,실질,0.02933102887352579,-0.12817157162556936,0.046525561280623906,-0.002208806078900838,0.06593933931302409,0.07199746326530221,0.1828781980587062,0.09664821543790536,0.09416479225725816,-0.03525333024590116,-0.044275483004663,-0.046452185390178036,0.0367082551141793,-0.030247088694778324
984,제주특별자치도,3차 산업,명목,0.06884740656965849,0.0678915613920259,0.0851254868843414,0.07606665829146353,0.06574518184635059,0.10497866315221294,0.1091176313783011,0.07977963771527707,0.0511611552981337,0.06455561330134119,0.044917585720579245,-0.047940886179505426,0.05350160448488506,0.06682306088534284
985,제주특별자치도,3차 산업,실질,0.039038259861488456,0.03881160743054268,0.07226631883287782,0.06773897962437858,0.05467042721791149,0.08141274873441207,0.07020355829302427,0.05881993354088433,0.03403128136868272,0.052977029258536756,0.039358055694753924,-0.06362416760321044,0.034721425915144266,0.04559454941299257
